step;status;x_1;res
0;success;-1.0;-2.0
1;success;0.0;0.0
2;success;1.0;2.0
3;success;0.7617933349147337;1.5235866698294673
4;success;0.24662315112133082;0.49324630224266164
5;success;0.1499470665197884;0.2998941330395768
6;success;-0.7211952863309794;-1.4423905726619588
7;success;-0.6105608913505489;-1.2211217827010978
8;success;-0.5832154014776676;-1.1664308029553352
9;success;0.9694290148177607;1.9388580296355213
