name;value;type
x_1;-29.69268766559491;float
x_2;-32.86262636624924;float
