name;value;type
x_1;-154.69268765069395;float
x_2;-157.8626263811506;float
