name;value;type
x_1;0.5106688955281729;float
x_2;-0.7275884301368509;float
