name;value;type
x_1;-0.48933111937298834;float
x_2;-1.727588430136851;float
