name;value;type
x_1;0.5106688806270117;float
x_2;-0.7275884152356897;float
