name;value;type
x_1;-4.692687665594855;float
x_2;-7.862626366249183;float
