name;value;type
x_1;-29.69268765069375;float
x_2;-32.8626263811504;float
