name;value;type
x_1;-3904.6926876656034;float
x_2;-3907.8626263662572;float
