name;value;type
x_1;-3904.6926876507023;float
x_2;-3907.8626263811584;float
