name;value;type
x_1;1.3073123344051503;float
x_2;-1.8626263662491773;float
