name;value;type
x_1;-779.6926876655964;float
x_2;-782.8626263811518;float
