name;value;type
x_1;-0.48933111937298834;float
x_2;-1.7275884152356897;float
