name;value;type
x_1;-1.9999999850988388;float
x_2;-1.9999999999999993;float
