name;value;type
x_1;-154.69268766559512;float
x_2;-157.86262636624943;float
