name;value;type
x_1;-29.69268766559491;float
x_2;-32.8626263811504;float
