name;value;type
x_1;1.3073123493063115;float
x_2;-1.8626263811503385;float
