name;value;type
x_1;-154.69268766559512;float
x_2;-157.8626263811506;float
