name;value;type
x_1;0.30731234930631146;float
x_2;-2.8626263811503385;float
