name;value;type
x_1;0.30731233440515027;float
x_2;-2.8626263662491773;float
